"Name","Agent","State","Notes","User","Tags","Created","Runtime","Sweep","GIN","aggregation_fn","batch_norm","batch_size","benchmark_idx","dataset","deepset","deepset_type","depth","dim0_out_dim","dim1","dim1_out_dim","dist_dim1","dropout_p","dummy_var","early_topo","fake","filtration_hidden","fold","folds","hidden_dim","legacy","lr","lr_patience","max_epochs","merged","min_cycle","min_lr","model","num_classes","num_coord_funs","num_coord_funs/Gaussian_transform","num_coord_funs/Line_transform","num_coord_funs/RationalHat_transform","num_coord_funs/Triangle_transform","num_coord_funs1","num_coord_funs1/Gaussian_transform","num_coord_funs1/Line_transform","num_coord_funs1/RationalHat_transform","num_coord_funs1/Triangle_transform","num_filtrations","num_node_features","paired","q_dim_set2set","residual","residual_and_bn","seed","set2set","set_out_dim","shallow_deepset","share_filtration_parameters","swap_bn_order","tanh_filtrations","task","train_eps","training_seed","use_node_attributes","best_val_acc","best_val_loss","epoch","lr-Adam","restored_test_acc","restored_test_loss","test_acc","test_loss","train_acc_epoch","train_acc_step","train_loss_epoch","train_loss_step","val_acc","val_acc_epoch","val_acc_step","val_loss","val_loss_epoch","val_loss_step","val_loss_step/epoch_0","validation_loss"
"LargerTopoGNN_PROTEINS_full","suk8vf51","finished","-","expectationmax","LargerTopoGNN, PROTEINS_full","2021-02-04T15:38:27.000Z","773","2l3mdq5l","false","mean","true","20","true","PROTEINS_full","true","shallow","3","32","true","32","false","0","","true","true","32","1","","146","true","0.0007","25","1000","false","","0.000001","LargerTopoGNN","2","3","","","","","","","","","","8","3","false","","true","true","42","","","","true","false","true","Tasks.GRAPH_CLASSIFICATION","true","421","false","","","343","6.8359375e-7","0.75","0.5560284852981567","0.7232142686843872","0.5781332850456238","0.6499999761581421","0.6499999761581421","0.636325478553772","0.636325478553772","0.6696428656578064","","","0.5840577483177185","","","",""
"LargerTopoGNN_PROTEINS_full","iygkum1c","finished","-","expectationmax","LargerTopoGNN, PROTEINS_full","2021-02-04T19:35:17.000Z","1827","2l3mdq5l","false","mean","true","20","true","PROTEINS_full","false","shallow","5","32","true","32","false","0","","true","false","32","5","","146","true","0.0007","25","1000","false","","0.000001","LargerTopoGNN","2","3","","","","","","","","","","8","3","false","","true","true","42","","","","true","false","true","Tasks.GRAPH_CLASSIFICATION","true","421","false","","","312","6.8359375e-7","0.8018018007278442","0.4938013255596161","0.8108108043670654","0.49272602796554565","0.8500000238418579","0.8500000238418579","0.310881108045578","0.310881108045578","0.7142857313156128","","","0.6431998610496521","","","",""
"LargerTopoGNN_PROTEINS_full","rq0rg8ge","finished","-","expectationmax","LargerTopoGNN, PROTEINS_full","2021-02-04T18:36:12.000Z","1757","2l3mdq5l","false","mean","true","20","true","PROTEINS_full","false","shallow","4","32","true","32","false","0","","true","true","32","9","","146","true","0.0007","25","1000","false","","0.000001","LargerTopoGNN","2","3","","","","","","","","","","8","3","false","","true","true","42","","","","true","false","true","Tasks.GRAPH_CLASSIFICATION","true","421","false","","","352","6.8359375e-7","0.6756756901741028","0.5802566409111023","0.6936936974525452","0.5991509556770325","0.75","0.75","0.47888898849487305","0.47888898849487305","0.7142857313156128","","","0.5476045608520508","","","",""
"LargerTopoGNN_PROTEINS_full","w7yt7024","finished","-","expectationmax","LargerTopoGNN, PROTEINS_full","2021-02-04T18:33:37.000Z","2308","2l3mdq5l","false","mean","true","20","true","PROTEINS_full","false","shallow","4","32","true","32","false","0","","true","true","32","6","","146","true","0.0007","25","1000","false","","0.000001","LargerTopoGNN","2","3","","","","","","","","","","8","3","false","","true","true","42","","","","true","false","true","Tasks.GRAPH_CLASSIFICATION","true","421","false","","","395","6.8359375e-7","0.6936936974525452","0.6017047762870789","0.7027027010917664","0.5780633687973022","0.75","0.75","0.6470301747322083","0.6470301747322083","0.7321428656578064","","","0.5424068570137024","","","",""
"LargerTopoGNN_PROTEINS_full","ske7lju5","finished","-","expectationmax","LargerTopoGNN, PROTEINS_full","2021-02-04T17:15:43.000Z","735","2l3mdq5l","false","mean","true","20","true","PROTEINS_full","true","shallow","5","32","true","32","false","0","","true","false","32","1","","146","true","0.0007","25","1000","false","","0.000001","LargerTopoGNN","2","3","","","","","","","","","","8","3","false","","true","true","42","","","","true","false","true","Tasks.GRAPH_CLASSIFICATION","true","421","false","","","354","6.8359375e-7","0.7767857313156128","0.6462106108665466","0.7678571343421936","0.6674284338951111","0.75","0.75","0.5229166746139526","0.5229166746139526","0.7321428656578064","","","0.4911399185657501","","","",""
"LargerTopoGNN_PROTEINS_full","t205o3i2","finished","-","expectationmax","LargerTopoGNN, PROTEINS_full","2021-02-04T16:29:07.000Z","838","2l3mdq5l","false","mean","true","20","true","PROTEINS_full","true","shallow","4","32","true","32","false","0","","true","true","32","5","","146","true","0.0007","25","1000","false","","0.000001","LargerTopoGNN","2","3","","","","","","","","","","8","3","false","","true","true","42","","","","true","false","true","Tasks.GRAPH_CLASSIFICATION","true","421","false","","","402","6.8359375e-7","0.7117117047309875","0.6078363060951233","0.7567567825317383","0.5359660983085632","0.75","0.75","0.5741062164306641","0.5741062164306641","0.6785714030265808","","","0.6148073673248291","","","",""
"LargerTopoGNN_PROTEINS_full","ty0crsti","finished","-","expectationmax","LargerTopoGNN, PROTEINS_full","2021-02-04T16:40:33.000Z","1006","2l3mdq5l","false","mean","true","20","true","PROTEINS_full","true","shallow","4","32","true","32","false","0","","true","false","32","0","","146","true","0.0007","25","1000","false","","0.000001","LargerTopoGNN","2","3","","","","","","","","","","8","3","false","","true","true","42","","","","true","false","true","Tasks.GRAPH_CLASSIFICATION","true","421","false","","","373","6.8359375e-7","0.7857142686843872","0.47820886969566345","0.7589285969734192","0.514102041721344","0.6499999761581421","0.6499999761581421","0.547599732875824","0.547599732875824","0.7678571343421936","","","0.4887552559375763","","","",""
"LargerTopoGNN_PROTEINS_full","7dz2s3xt","finished","-","expectationmax","LargerTopoGNN, PROTEINS_full","2021-02-04T19:05:52.000Z","2278","2l3mdq5l","false","mean","true","20","true","PROTEINS_full","false","shallow","5","32","true","32","false","0","","true","true","32","3","","146","true","0.0007","25","1000","false","","0.000001","LargerTopoGNN","2","3","","","","","","","","","","8","3","false","","true","true","42","","","","true","false","true","Tasks.GRAPH_CLASSIFICATION","true","421","false","","","368","6.8359375e-7","0.7027027010917664","0.5874621868133545","0.7207207083702087","0.5699783563613892","0.6499999761581421","0.6499999761581421","0.6053385138511658","0.6053385138511658","0.7321428656578064","","","0.5543636083602905","","","",""
"LargerTopoGNN_PROTEINS_full","1tumn5br","finished","-","expectationmax","LargerTopoGNN, PROTEINS_full","2021-02-04T16:20:00.000Z","734","2l3mdq5l","false","mean","true","20","true","PROTEINS_full","true","shallow","3","32","true","32","false","0","","true","false","32","9","","146","true","0.0007","25","1000","false","","0.000001","LargerTopoGNN","2","3","","","","","","","","","","8","3","false","","true","true","42","","","","true","false","true","Tasks.GRAPH_CLASSIFICATION","true","421","false","","","325","6.8359375e-7","0.7117117047309875","0.5630506277084351","0.7387387156486511","0.5523090958595276","0.6499999761581421","0.6499999761581421","0.5750921368598938","0.5750921368598938","0.7767857313156128","","","0.4759216606616974","","","",""
"LargerTopoGNN_PROTEINS_full","oiuelaar","finished","-","expectationmax","LargerTopoGNN, PROTEINS_full","2021-02-04T16:56:44.000Z","735","2l3mdq5l","false","mean","true","20","true","PROTEINS_full","true","shallow","4","32","true","32","false","0","","true","false","32","9","","146","true","0.0007","25","1000","false","","0.000001","LargerTopoGNN","2","3","","","","","","","","","","8","3","false","","true","true","42","","","","true","false","true","Tasks.GRAPH_CLASSIFICATION","true","421","false","","","319","6.8359375e-7","0.7387387156486511","0.5535877346992493","0.7117117047309875","0.5526052713394165","0.800000011920929","0.800000011920929","0.5240254998207092","0.5240254998207092","0.7678571343421936","","","0.497903436422348","","","",""
"LargerTopoGNN_PROTEINS_full","bnee98re","finished","-","expectationmax","LargerTopoGNN, PROTEINS_full","2021-02-04T16:27:32.000Z","747","2l3mdq5l","false","mean","true","20","true","PROTEINS_full","true","shallow","4","32","true","32","false","0","","true","true","32","1","","146","true","0.0007","25","1000","false","","0.000001","LargerTopoGNN","2","3","","","","","","","","","","8","3","false","","true","true","42","","","","true","false","true","Tasks.GRAPH_CLASSIFICATION","true","421","false","","","344","6.8359375e-7","0.75","0.5436423420906067","0.7053571343421936","0.5229215025901794","0.800000011920929","0.800000011920929","0.5580699443817139","0.5580699443817139","0.6785714030265808","","","0.5762417316436768","","","",""
"LargerTopoGNN_PROTEINS_full","17y4jnq5","finished","-","expectationmax","LargerTopoGNN, PROTEINS_full","2021-02-04T16:32:46.000Z","708","2l3mdq5l","false","mean","true","20","true","PROTEINS_full","true","shallow","4","32","true","32","false","0","","true","true","32","7","","146","true","0.0007","25","1000","false","","0.000001","LargerTopoGNN","2","3","","","","","","","","","","8","3","false","","true","true","42","","","","true","false","true","Tasks.GRAPH_CLASSIFICATION","true","421","false","","","289","6.8359375e-7","0.7477477192878723","0.5381187796592712","0.7477477192878723","0.5610555410385132","0.699999988079071","0.699999988079071","0.6874954104423523","0.6874954104423523","0.7321428656578064","","","0.5872542262077332","","","",""
"LargerTopoGNN_PROTEINS_full","0jbwc4k8","finished","-","expectationmax","LargerTopoGNN, PROTEINS_full","2021-02-04T19:08:21.000Z","5390","2l3mdq5l","false","mean","true","20","true","PROTEINS_full","false","shallow","5","32","true","32","false","0","","true","true","32","7","","146","true","0.0007","25","1000","false","","0.000001","LargerTopoGNN","2","3","","","","","","","","","","8","3","false","","true","true","42","","","","true","false","true","Tasks.GRAPH_CLASSIFICATION","true","421","false","","","358","6.8359375e-7","0.7117117047309875","0.5985609889030457","0.7297297120094299","0.5850834250450134","0.75","0.75","0.47784096002578735","0.47784096002578735","0.7410714030265808","","","0.5562680959701538","","","",""
"LargerTopoGNN_PROTEINS_full","1yupqzct","finished","-","expectationmax","LargerTopoGNN, PROTEINS_full","2021-02-04T18:43:36.000Z","1779","2l3mdq5l","false","mean","true","20","true","PROTEINS_full","false","shallow","4","32","true","32","false","0","","true","false","32","6","","146","true","0.0007","25","1000","false","","0.000001","LargerTopoGNN","2","3","","","","","","","","","","8","3","false","","true","true","42","","","","true","false","true","Tasks.GRAPH_CLASSIFICATION","true","421","false","","","329","6.8359375e-7","0.7657657861709595","0.5413646101951599","0.7297297120094299","0.5466421842575073","0.75","0.75","0.4710981845855713","0.4710981845855713","0.75","","","0.5294334888458252","","","",""
"LargerTopoGNN_PROTEINS_full","xuga4ig5","finished","-","expectationmax","LargerTopoGNN, PROTEINS_full","2021-02-04T16:04:12.000Z","731","2l3mdq5l","false","mean","true","20","true","PROTEINS_full","true","shallow","3","32","true","32","false","0","","true","true","32","9","","146","true","0.0007","25","1000","false","","0.000001","LargerTopoGNN","2","3","","","","","","","","","","8","3","false","","true","true","42","","","","true","false","true","Tasks.GRAPH_CLASSIFICATION","true","421","false","","","378","6.8359375e-7","0.7297297120094299","0.5969991087913513","0.684684693813324","0.6261680126190186","0.75","0.75","0.5229657292366028","0.5229657292366028","0.7678571343421936","","","0.5212786793708801","","","",""
"LargerTopoGNN_PROTEINS_full","oxg67czy","finished","-","expectationmax","LargerTopoGNN, PROTEINS_full","2021-02-04T18:30:53.000Z","1793","2l3mdq5l","false","mean","true","20","true","PROTEINS_full","false","shallow","4","32","true","32","false","0","","true","true","32","3","","146","true","0.0007","25","1000","false","","0.000001","LargerTopoGNN","2","3","","","","","","","","","","8","3","false","","true","true","42","","","","true","false","true","Tasks.GRAPH_CLASSIFICATION","true","421","false","","","334","6.8359375e-7","0.684684693813324","0.601446807384491","0.684684693813324","0.6212842464447021","0.75","0.75","0.6957748532295227","0.6957748532295227","0.7410714030265808","","","0.5572958588600159","","","",""
"LargerTopoGNN_PROTEINS_full","t8dpx051","finished","-","expectationmax","LargerTopoGNN, PROTEINS_full","2021-02-04T19:05:52.000Z","1851","2l3mdq5l","false","mean","true","20","true","PROTEINS_full","false","shallow","5","32","true","32","false","0","","true","true","32","4","","146","true","0.0007","25","1000","false","","0.000001","LargerTopoGNN","2","3","","","","","","","","","","8","3","false","","true","true","42","","","","true","false","true","Tasks.GRAPH_CLASSIFICATION","true","421","false","","","343","6.8359375e-7","0.6396396160125732","0.6651763319969177","0.6576576828956604","0.6502920985221863","0.75","0.75","0.5517484545707703","0.5517484545707703","0.6696428656578064","","","0.61930251121521","","","",""
"LargerTopoGNN_PROTEINS_full","tq0hna6w","finished","-","expectationmax","LargerTopoGNN, PROTEINS_full","2021-02-04T17:14:50.000Z","1182","2l3mdq5l","false","mean","true","20","true","PROTEINS_full","true","shallow","5","32","true","32","false","0","","true","true","32","9","","146","true","0.0007","25","1000","false","","0.000001","LargerTopoGNN","2","3","","","","","","","","","","8","3","false","","true","true","42","","","","true","false","true","Tasks.GRAPH_CLASSIFICATION","true","421","false","","","406","6.8359375e-7","0.7477477192878723","0.5774915814399719","0.7117117047309875","0.5997442603111267","0.800000011920929","0.800000011920929","0.6254209280014038","0.6254209280014038","0.7142857313156128","","","0.5424879789352417","","","",""
"LargerTopoGNN_PROTEINS_full","jervrybc","finished","-","expectationmax","LargerTopoGNN, PROTEINS_full","2021-02-04T16:18:08.000Z","640","2l3mdq5l","false","mean","true","20","true","PROTEINS_full","true","shallow","3","32","true","32","false","0","","true","false","32","8","","146","true","0.0007","25","1000","false","","0.000001","LargerTopoGNN","2","3","","","","","","","","","","8","3","false","","true","true","42","","","","true","false","true","Tasks.GRAPH_CLASSIFICATION","true","421","false","","","330","6.8359375e-7","0.6756756901741028","0.5996245741844177","0.6936936974525452","0.5875202417373657","0.8999999761581421","0.8999999761581421","0.3606171011924744","0.3606171011924744","0.7946428656578064","","","0.5047284364700317","","","",""
"LargerTopoGNN_PROTEINS_full","5pqufyn1","finished","-","expectationmax","LargerTopoGNN, PROTEINS_full","2021-02-04T16:15:02.000Z","703","2l3mdq5l","false","mean","true","20","true","PROTEINS_full","true","shallow","3","32","true","32","false","0","","true","false","32","3","","146","true","0.0007","25","1000","false","","0.000001","LargerTopoGNN","2","3","","","","","","","","","","8","3","false","","true","true","42","","","","true","false","true","Tasks.GRAPH_CLASSIFICATION","true","421","false","","","278","6.8359375e-7","0.7477477192878723","0.5390869379043579","0.792792797088623","0.5238277912139893","0.75","0.75","0.5071195960044861","0.5071195960044861","0.7857142686843872","","","0.5485630631446838","","","",""
"LargerTopoGNN_PROTEINS_full","kay3jypz","finished","-","expectationmax","LargerTopoGNN, PROTEINS_full","2021-02-04T16:28:47.000Z","688","2l3mdq5l","false","mean","true","20","true","PROTEINS_full","true","shallow","4","32","true","32","false","0","","true","true","32","2","","146","true","0.0007","25","1000","false","","0.000001","LargerTopoGNN","2","3","","","","","","","","","","8","3","false","","true","true","42","","","","true","false","true","Tasks.GRAPH_CLASSIFICATION","true","421","false","","","303","6.8359375e-7","0.7142857313156128","0.561181902885437","0.7142857313156128","0.5912044644355774","0.8500000238418579","0.8500000238418579","0.4324975907802582","0.4324975907802582","0.7142857313156128","","","0.606180727481842","","","",""
"LargerTopoGNN_PROTEINS_full","0an43q3i","finished","-","expectationmax","LargerTopoGNN, PROTEINS_full","2021-02-04T18:18:46.000Z","2020","2l3mdq5l","false","mean","true","20","true","PROTEINS_full","false","shallow","4","32","true","32","false","0","","true","true","32","1","","146","true","0.0007","25","1000","false","","0.000001","LargerTopoGNN","2","3","","","","","","","","","","8","3","false","","true","true","42","","","","true","false","true","Tasks.GRAPH_CLASSIFICATION","true","421","false","","","361","6.8359375e-7","0.6875","0.5593388676643372","0.75","0.5238782167434692","0.75","0.75","0.5358647108078003","0.5358647108078003","0.6964285969734192","","","0.5832111835479736","","","",""
"LargerTopoGNN_PROTEINS_full","bfsvxnuj","finished","-","expectationmax","LargerTopoGNN, PROTEINS_full","2021-02-04T17:32:21.000Z","826","2l3mdq5l","false","mean","true","20","true","PROTEINS_full","true","shallow","5","32","true","32","false","0","","true","false","32","8","","146","true","0.0007","25","1000","false","","0.000001","LargerTopoGNN","2","3","","","","","","","","","","8","3","false","","true","true","42","","","","true","false","true","Tasks.GRAPH_CLASSIFICATION","true","421","false","","","291","6.8359375e-7","0.7387387156486511","0.560054361820221","0.6936936974525452","0.5947169065475464","0.800000011920929","0.800000011920929","0.36777716875076294","0.36777716875076294","0.7321428656578064","","","0.5608885884284973","","","",""
"LargerTopoGNN_PROTEINS_full","xvfyxr40","finished","-","expectationmax","LargerTopoGNN, PROTEINS_full","2021-02-04T16:29:03.000Z","664","2l3mdq5l","false","mean","true","20","true","PROTEINS_full","true","shallow","4","32","true","32","false","0","","true","true","32","4","","146","true","0.0007","25","1000","false","","0.000001","LargerTopoGNN","2","3","","","","","","","","","","8","3","false","","true","true","42","","","","true","false","true","Tasks.GRAPH_CLASSIFICATION","true","421","false","","","325","6.8359375e-7","0.6756756901741028","0.6316727995872498","0.6216216087341309","0.6453689336776733","0.8500000238418579","0.8500000238418579","0.44219931960105896","0.44219931960105896","0.6875","","","0.5753604769706726","","","",""
"LargerTopoGNN_PROTEINS_full","s8vltav8","finished","-","expectationmax","LargerTopoGNN, PROTEINS_full","2021-02-04T17:01:31.000Z","1005","2l3mdq5l","false","mean","true","20","true","PROTEINS_full","true","shallow","5","32","true","32","false","0","","true","true","32","3","","146","true","0.0007","25","1000","false","","0.000001","LargerTopoGNN","2","3","","","","","","","","","","8","3","false","","true","true","42","","","","true","false","true","Tasks.GRAPH_CLASSIFICATION","true","421","false","","","323","6.8359375e-7","0.7387387156486511","0.5783045291900635","0.684684693813324","0.6023212671279907","0.8500000238418579","0.8500000238418579","0.36300790309906006","0.36300790309906006","0.7321428656578064","","","0.5220975875854492","","","",""
"LargerTopoGNN_PROTEINS_full","rvbo9elj","finished","-","expectationmax","LargerTopoGNN, PROTEINS_full","2021-02-04T17:38:52.000Z","5351","2l3mdq5l","false","mean","true","20","true","PROTEINS_full","false","shallow","3","32","true","32","false","0","","true","true","32","7","","146","true","0.0007","25","1000","false","","0.000001","LargerTopoGNN","2","3","","","","","","","","","","8","3","false","","true","true","42","","","","true","false","true","Tasks.GRAPH_CLASSIFICATION","true","421","false","","","311","6.8359375e-7","0.7027027010917664","0.5838404297828674","0.7297297120094299","0.5886973142623901","0.6000000238418579","0.6000000238418579","0.6833651065826416","0.6833651065826416","0.7321428656578064","","","0.590823769569397","","","",""
"LargerTopoGNN_PROTEINS_full","3jbaprde","finished","-","expectationmax","LargerTopoGNN, PROTEINS_full","2021-02-04T17:09:18.000Z","1015","2l3mdq5l","false","mean","true","20","true","PROTEINS_full","true","shallow","5","32","true","32","false","0","","true","true","32","6","","146","true","0.0007","25","1000","false","","0.000001","LargerTopoGNN","2","3","","","","","","","","","","8","3","false","","true","true","42","","","","true","false","true","Tasks.GRAPH_CLASSIFICATION","true","421","false","","","434","6.8359375e-7","0.7387387156486511","0.566996157169342","0.7207207083702087","0.5774906277656555","0.800000011920929","0.800000011920929","0.4682503640651703","0.4682503640651703","0.7142857313156128","","","0.5353872179985046","","","",""
"LargerTopoGNN_PROTEINS_full","afkqtg8d","finished","-","expectationmax","LargerTopoGNN, PROTEINS_full","2021-02-04T16:53:10.000Z","617","2l3mdq5l","false","mean","true","20","true","PROTEINS_full","true","shallow","4","32","true","32","false","0","","true","false","32","7","","146","true","0.0007","25","1000","false","","0.000001","LargerTopoGNN","2","3","","","","","","","","","","8","3","false","","true","true","42","","","","true","false","true","Tasks.GRAPH_CLASSIFICATION","true","421","false","","","294","6.8359375e-7","0.7297297120094299","0.5638008117675781","0.7567567825317383","0.5274123549461365","0.699999988079071","0.699999988079071","0.6327838897705078","0.6327838897705078","0.7410714030265808","","","0.5911961793899536","","","",""
"LargerTopoGNN_PROTEINS_full","tcymxua4","finished","-","expectationmax","LargerTopoGNN, PROTEINS_full","2021-02-04T17:36:00.000Z","1691","2l3mdq5l","false","mean","true","20","true","PROTEINS_full","false","shallow","3","32","true","32","false","0","","true","true","32","1","","146","true","0.0007","25","1000","false","","0.000001","LargerTopoGNN","2","3","","","","","","","","","","8","3","false","","true","true","42","","","","true","false","true","Tasks.GRAPH_CLASSIFICATION","true","421","false","","","291","6.8359375e-7","0.75","0.5765859484672546","0.7142857313156128","0.5847634673118591","0.699999988079071","0.699999988079071","0.5936707258224487","0.5936707258224487","0.7321428656578064","","","0.5582299828529358","","","",""
"LargerTopoGNN_PROTEINS_full","cdpt2b0m","finished","-","expectationmax","LargerTopoGNN, PROTEINS_full","2021-02-04T17:28:17.000Z","617","2l3mdq5l","false","mean","true","20","true","PROTEINS_full","true","shallow","5","32","true","32","false","0","","true","false","32","6","","146","true","0.0007","25","1000","false","","0.000001","LargerTopoGNN","2","3","","","","","","","","","","8","3","false","","true","true","42","","","","true","false","true","Tasks.GRAPH_CLASSIFICATION","true","421","false","","","280","6.8359375e-7","0.7117117047309875","0.5766257047653198","0.7387387156486511","0.5666630268096924","0.550000011920929","0.550000011920929","0.6984974145889282","0.6984974145889282","0.7589285969734192","","","0.5335322022438049","","","",""
"LargerTopoGNN_PROTEINS_full","6fap48z0","finished","-","expectationmax","LargerTopoGNN, PROTEINS_full","2021-02-04T18:05:43.000Z","1492","2l3mdq5l","false","mean","true","20","true","PROTEINS_full","false","shallow","3","32","true","32","false","0","","true","false","32","7","","146","true","0.0007","25","1000","false","","0.000001","LargerTopoGNN","2","3","","","","","","","","","","8","3","false","","true","true","42","","","","true","false","true","Tasks.GRAPH_CLASSIFICATION","true","421","false","","","282","6.8359375e-7","0.7117117047309875","0.5553087592124939","0.7297297120094299","0.5425872802734375","0.800000011920929","0.800000011920929","0.3723213076591492","0.3723213076591492","0.7321428656578064","","","0.6648265719413757","","","",""
"LargerTopoGNN_PROTEINS_full","swsd0alw","finished","-","expectationmax","LargerTopoGNN, PROTEINS_full","2021-02-04T17:15:20.000Z","1174","2l3mdq5l","false","mean","true","20","true","PROTEINS_full","true","shallow","5","32","true","32","false","0","","true","false","32","0","","146","true","0.0007","25","1000","false","","0.000001","LargerTopoGNN","2","3","","","","","","","","","","8","3","false","","true","true","42","","","","true","false","true","Tasks.GRAPH_CLASSIFICATION","true","421","false","","","392","6.8359375e-7","0.75","0.5199111104011536","0.7589285969734192","0.5500801205635071","0.8500000238418579","0.8500000238418579","0.3488095998764038","0.3488095998764038","0.75","","","0.5492562055587769","","","",""
"LargerTopoGNN_PROTEINS_full","tscrd2gw","finished","-","expectationmax","LargerTopoGNN, PROTEINS_full","2021-02-04T16:03:51.000Z","661","2l3mdq5l","false","mean","true","20","true","PROTEINS_full","true","shallow","3","32","true","32","false","0","","true","true","32","8","","146","true","0.0007","25","1000","false","","0.000001","LargerTopoGNN","2","3","","","","","","","","","","8","3","false","","true","true","42","","","","true","false","true","Tasks.GRAPH_CLASSIFICATION","true","421","false","","","333","6.8359375e-7","0.6486486196517944","0.6487991213798523","0.7027027010917664","0.6293009519577026","0.800000011920929","0.800000011920929","0.45651641488075256","0.45651641488075256","0.7589285969734192","","","0.5786187648773193","","","",""
"LargerTopoGNN_PROTEINS_full","s80udc8s","finished","-","expectationmax","LargerTopoGNN, PROTEINS_full","2021-02-04T19:05:21.000Z","1995","2l3mdq5l","false","mean","true","20","true","PROTEINS_full","false","shallow","5","32","true","32","false","0","","true","true","32","2","","146","true","0.0007","25","1000","false","","0.000001","LargerTopoGNN","2","3","","","","","","","","","","8","3","false","","true","true","42","","","","true","false","true","Tasks.GRAPH_CLASSIFICATION","true","421","false","","","371","6.8359375e-7","0.75","0.5787820816040039","0.75","0.5752811431884766","0.550000011920929","0.550000011920929","0.6773273348808289","0.6773273348808289","0.7142857313156128","","","0.5740614533424377","","","",""
"LargerTopoGNN_PROTEINS_full","i3ofng2h","finished","-","expectationmax","LargerTopoGNN, PROTEINS_full","2021-02-04T16:15:43.000Z","784","2l3mdq5l","false","mean","true","20","true","PROTEINS_full","true","shallow","3","32","true","32","false","0","","true","false","32","6","","146","true","0.0007","25","1000","false","","0.000001","LargerTopoGNN","2","3","","","","","","","","","","8","3","false","","true","true","42","","","","true","false","true","Tasks.GRAPH_CLASSIFICATION","true","421","false","","","400","6.8359375e-7","0.7387387156486511","0.5493863224983215","0.7117117047309875","0.5403816103935242","0.75","0.75","0.5407631397247314","0.5407631397247314","0.7321428656578064","","","0.5444581508636475","","","",""
"LargerTopoGNN_PROTEINS_full","cg9u2d1z","finished","-","expectationmax","LargerTopoGNN, PROTEINS_full","2021-02-04T19:37:01.000Z","1543","2l3mdq5l","false","mean","true","20","true","PROTEINS_full","false","shallow","5","32","true","32","false","0","","true","false","32","8","","146","true","0.0007","25","1000","false","","0.000001","LargerTopoGNN","2","3","","","","","","","","","","8","3","false","","true","true","42","","","","true","false","true","Tasks.GRAPH_CLASSIFICATION","true","421","false","","","291","6.8359375e-7","0.7117117047309875","0.6168943047523499","0.6936936974525452","0.6315076351165771","0.8500000238418579","0.8500000238418579","0.37226712703704834","0.37226712703704834","0.7678571343421936","","","0.5303500890731812","","","",""
"LargerTopoGNN_PROTEINS_full","mmtgynjo","finished","-","expectationmax","LargerTopoGNN, PROTEINS_full","2021-02-04T17:18:52.000Z","624","2l3mdq5l","false","mean","true","20","true","PROTEINS_full","true","shallow","5","32","true","32","false","0","","true","false","32","3","","146","true","0.0007","25","1000","false","","0.000001","LargerTopoGNN","2","3","","","","","","","","","","8","3","false","","true","true","42","","","","true","false","true","Tasks.GRAPH_CLASSIFICATION","true","421","false","","","286","6.8359375e-7","0.7837837934494019","0.4975982308387756","0.7387387156486511","0.5073807239532471","0.8500000238418579","0.8500000238418579","0.3360446095466614","0.3360446095466614","0.7678571343421936","","","0.5769776105880737","","","",""
"LargerTopoGNN_PROTEINS_full","5lhxlqpu","finished","-","expectationmax","LargerTopoGNN, PROTEINS_full","2021-02-04T17:18:31.000Z","1199","2l3mdq5l","false","mean","true","20","true","PROTEINS_full","true","shallow","5","32","true","32","false","0","","true","false","32","2","","146","true","0.0007","25","1000","false","","0.000001","LargerTopoGNN","2","3","","","","","","","","","","8","3","false","","true","true","42","","","","true","false","true","Tasks.GRAPH_CLASSIFICATION","true","421","false","","","372","6.8359375e-7","0.7589285969734192","0.5477216243743896","0.7678571343421936","0.5407218933105469","0.800000011920929","0.800000011920929","0.4491554796695709","0.4491554796695709","0.7321428656578064","","","0.5506398677825928","","","",""
"LargerTopoGNN_PROTEINS_full","wp2o6qxq","finished","-","expectationmax","LargerTopoGNN, PROTEINS_full","2021-02-04T17:34:50.000Z","864","2l3mdq5l","false","mean","true","20","true","PROTEINS_full","true","shallow","5","32","true","32","false","0","","true","false","32","9","","146","true","0.0007","25","1000","false","","0.000001","LargerTopoGNN","2","3","","","","","","","","","","8","3","false","","true","true","42","","","","true","false","true","Tasks.GRAPH_CLASSIFICATION","true","421","false","","","294","6.8359375e-7","0.7117117047309875","0.5644911527633667","0.7477477192878723","0.540865957736969","0.699999988079071","0.699999988079071","0.6243650913238525","0.6243650913238525","0.8125","","","0.4791824221611023","","","",""
"LargerTopoGNN_PROTEINS_full","bbq2qxpt","finished","-","expectationmax","LargerTopoGNN, PROTEINS_full","2021-02-04T16:16:40.000Z","605","2l3mdq5l","false","mean","true","20","true","PROTEINS_full","true","shallow","3","32","true","32","false","0","","true","false","32","7","","146","true","0.0007","25","1000","false","","0.000001","LargerTopoGNN","2","3","","","","","","","","","","8","3","false","","true","true","42","","","","true","false","true","Tasks.GRAPH_CLASSIFICATION","true","421","false","","","285","6.8359375e-7","0.7207207083702087","0.5574976205825806","0.7477477192878723","0.5634987354278564","0.75","0.75","0.4934613108634949","0.4934613108634949","0.75","","","0.6419110894203186","","","",""
"LargerTopoGNN_PROTEINS_full","mcfl0mkx","finished","-","expectationmax","LargerTopoGNN, PROTEINS_full","2021-02-04T16:44:51.000Z","694","2l3mdq5l","false","mean","true","20","true","PROTEINS_full","true","shallow","4","32","true","32","false","0","","true","false","32","5","","146","true","0.0007","25","1000","false","","0.000001","LargerTopoGNN","2","3","","","","","","","","","","8","3","false","","true","true","42","","","","true","false","true","Tasks.GRAPH_CLASSIFICATION","true","421","false","","","308","6.8359375e-7","0.7567567825317383","0.4924510419368744","0.7477477192878723","0.5252420902252197","0.75","0.75","0.47941213846206665","0.47941213846206665","0.6964285969734192","","","0.6047115921974182","","","",""
"LargerTopoGNN_PROTEINS_full","kte68lm9","finished","-","expectationmax","LargerTopoGNN, PROTEINS_full","2021-02-04T16:42:14.000Z","950","2l3mdq5l","false","mean","true","20","true","PROTEINS_full","true","shallow","4","32","true","32","false","0","","true","false","32","1","","146","true","0.0007","25","1000","false","","0.000001","LargerTopoGNN","2","3","","","","","","","","","","8","3","false","","true","true","42","","","","true","false","true","Tasks.GRAPH_CLASSIFICATION","true","421","false","","","357","6.8359375e-7","0.75","0.5576425194740295","0.7767857313156128","0.5422996282577515","0.800000011920929","0.800000011920929","0.4967150688171386","0.4967150688171386","0.75","","","0.5061957240104675","","","",""
"LargerTopoGNN_PROTEINS_full","ifwgybeo","finished","-","expectationmax","LargerTopoGNN, PROTEINS_full","2021-02-04T16:43:25.000Z","727","2l3mdq5l","false","mean","true","20","true","PROTEINS_full","true","shallow","4","32","true","32","false","0","","true","false","32","3","","146","true","0.0007","25","1000","false","","0.000001","LargerTopoGNN","2","3","","","","","","","","","","8","3","false","","true","true","42","","","","true","false","true","Tasks.GRAPH_CLASSIFICATION","true","421","false","","","339","6.8359375e-7","0.7297297120094299","0.5272350311279297","0.7207207083702087","0.5153740644454956","0.75","0.75","0.533505916595459","0.533505916595459","0.7857142686843872","","","0.5525172352790833","","","",""
"LargerTopoGNN_PROTEINS_full","o88cq3qh","finished","-","expectationmax","LargerTopoGNN, PROTEINS_full","2021-02-04T19:01:06.000Z","2009","2l3mdq5l","false","mean","true","20","true","PROTEINS_full","false","shallow","4","32","true","32","false","0","","true","false","32","9","","146","true","0.0007","25","1000","false","","0.000001","LargerTopoGNN","2","3","","","","","","","","","","8","3","false","","true","true","42","","","","true","false","true","Tasks.GRAPH_CLASSIFICATION","true","421","false","","","387","6.8359375e-7","0.7117117047309875","0.5545041561126709","0.7297297120094299","0.5924373865127563","0.6499999761581421","0.6499999761581421","0.6081399917602539","0.6081399917602539","0.8392857313156128","","","0.4921504855155945","","","",""
"LargerTopoGNN_PROTEINS_full","udgthz5a","finished","-","expectationmax","LargerTopoGNN, PROTEINS_full","2021-02-04T19:05:57.000Z","1890","2l3mdq5l","false","mean","true","20","true","PROTEINS_full","false","shallow","5","32","true","32","false","0","","true","true","32","5","","146","true","0.0007","25","1000","false","","0.000001","LargerTopoGNN","2","3","","","","","","","","","","8","3","false","","true","true","42","","","","true","false","true","Tasks.GRAPH_CLASSIFICATION","true","421","false","","","358","6.8359375e-7","0.7207207083702087","0.5746384859085083","0.7117117047309875","0.6160628199577332","0.6000000238418579","0.6000000238418579","0.6510831117630005","0.6510831117630005","0.6517857313156128","","","0.6195140480995178","","","",""
"LargerTopoGNN_PROTEINS_full","5tcsq9gk","finished","-","expectationmax","LargerTopoGNN, PROTEINS_full","2021-02-04T15:38:27.000Z","678","2l3mdq5l","false","mean","true","20","true","PROTEINS_full","true","shallow","3","32","true","32","false","0","","true","true","32","2","","146","true","0.0007","25","1000","false","","0.000001","LargerTopoGNN","2","3","","","","","","","","","","8","3","false","","true","true","42","","","","true","false","true","Tasks.GRAPH_CLASSIFICATION","true","421","false","","","351","6.8359375e-7","0.7142857313156128","0.5909048914909363","0.6607142686843872","0.599714994430542","0.6499999761581421","0.6499999761581421","0.5746806859970093","0.5746806859970093","0.7142857313156128","","","0.5853307247161865","","","",""
"LargerTopoGNN_PROTEINS_full","b1e4ux07","finished","-","expectationmax","LargerTopoGNN, PROTEINS_full","2021-02-04T16:15:02.000Z","820","2l3mdq5l","false","mean","true","20","true","PROTEINS_full","true","shallow","3","32","true","32","false","0","","true","false","32","2","","146","true","0.0007","25","1000","false","","0.000001","LargerTopoGNN","2","3","","","","","","","","","","8","3","false","","true","true","42","","","","true","false","true","Tasks.GRAPH_CLASSIFICATION","true","421","false","","","329","6.8359375e-7","0.7589285969734192","0.5587081909179688","0.7410714030265808","0.549242377281189","0.8999999761581421","0.8999999761581421","0.4391769468784332","0.4391769468784332","0.7321428656578064","","","0.558059811592102","","","",""
"LargerTopoGNN_PROTEINS_full","bx3eap88","finished","-","expectationmax","LargerTopoGNN, PROTEINS_full","2021-02-04T19:34:56.000Z","1600","2l3mdq5l","false","mean","true","20","true","PROTEINS_full","false","shallow","5","32","true","32","false","0","","true","false","32","4","","146","true","0.0007","25","1000","false","","0.000001","LargerTopoGNN","2","3","","","","","","","","","","8","3","false","","true","true","42","","","","true","false","true","Tasks.GRAPH_CLASSIFICATION","true","421","false","","","304","6.8359375e-7","0.7297297120094299","0.6098155379295349","0.6936936974525452","0.622393786907196","0.75","0.75","0.5285753011703491","0.5285753011703491","0.6964285969734192","","","0.6267008185386658","","","",""
"LargerTopoGNN_PROTEINS_full","9ow2atao","finished","-","expectationmax","LargerTopoGNN, PROTEINS_full","2021-02-04T16:27:13.000Z","870","2l3mdq5l","false","mean","true","20","true","PROTEINS_full","true","shallow","4","32","true","32","false","0","","true","true","32","0","","146","true","0.0007","25","1000","false","","0.000001","LargerTopoGNN","2","3","","","","","","","","","","8","3","false","","true","true","42","","","","true","false","true","Tasks.GRAPH_CLASSIFICATION","true","421","false","","","366","6.8359375e-7","0.7232142686843872","0.5488945245742798","0.7946428656578064","0.5229493379592896","0.800000011920929","0.800000011920929","0.5250452756881714","0.5250452756881714","0.7410714030265808","","","0.5378102660179138","","","",""
"LargerTopoGNN_PROTEINS_full","f60odjfx","finished","-","expectationmax","LargerTopoGNN, PROTEINS_full","2021-02-04T17:23:21.000Z","741","2l3mdq5l","false","mean","true","20","true","PROTEINS_full","true","shallow","5","32","true","32","false","0","","true","false","32","4","","146","true","0.0007","25","1000","false","","0.000001","LargerTopoGNN","2","3","","","","","","","","","","8","3","false","","true","true","42","","","","true","false","true","Tasks.GRAPH_CLASSIFICATION","true","421","false","","","341","6.8359375e-7","0.7297297120094299","0.5714749693870544","0.7297297120094299","0.6065565347671509","0.800000011920929","0.800000011920929","0.4725790619850158","0.4725790619850158","0.7053571343421936","","","0.6041351556777954","","","",""
"LargerTopoGNN_PROTEINS_full","1xcoe352","finished","-","expectationmax","LargerTopoGNN, PROTEINS_full","2021-02-04T16:58:47.000Z","977","2l3mdq5l","false","mean","true","20","true","PROTEINS_full","true","shallow","5","32","true","32","false","0","","true","true","32","2","","146","true","0.0007","25","1000","false","","0.000001","LargerTopoGNN","2","3","","","","","","","","","","8","3","false","","true","true","42","","","","true","false","true","Tasks.GRAPH_CLASSIFICATION","true","421","false","","","338","6.8359375e-7","0.7321428656578064","0.573451042175293","0.7321428656578064","0.5720788240432739","0.75","0.75","0.5727864503860474","0.5727864503860474","0.7678571343421936","","","0.5673304200172424","","","",""
"LargerTopoGNN_PROTEINS_full","oyh2y4cc","finished","-","expectationmax","LargerTopoGNN, PROTEINS_full","2021-02-04T19:05:16.000Z","1843","2l3mdq5l","false","mean","true","20","true","PROTEINS_full","false","shallow","5","32","true","32","false","0","","true","true","32","1","","146","true","0.0007","25","1000","false","","0.000001","LargerTopoGNN","2","3","","","","","","","","","","8","3","false","","true","true","42","","","","true","false","true","Tasks.GRAPH_CLASSIFICATION","true","421","false","","","359","6.8359375e-7","0.7142857313156128","0.5687506794929504","0.75","0.563701868057251","0.800000011920929","0.800000011920929","0.4865993559360504","0.4865993559360504","0.6517857313156128","","","0.601779580116272","","","",""
"LargerTopoGNN_PROTEINS_full","bqydlc54","finished","-","expectationmax","LargerTopoGNN, PROTEINS_full","2021-02-04T16:15:02.000Z","809","2l3mdq5l","false","mean","true","20","true","PROTEINS_full","true","shallow","3","32","true","32","false","0","","true","false","32","5","","146","true","0.0007","25","1000","false","","0.000001","LargerTopoGNN","2","3","","","","","","","","","","8","3","false","","true","true","42","","","","true","false","true","Tasks.GRAPH_CLASSIFICATION","true","421","false","","","338","6.8359375e-7","0.8198198080062866","0.4921127259731293","0.837837815284729","0.46099892258644104","0.800000011920929","0.800000011920929","0.45654430985450745","0.45654430985450745","0.75","","","0.5406561493873596","","","",""
"LargerTopoGNN_PROTEINS_full","40nphncy","finished","-","expectationmax","LargerTopoGNN, PROTEINS_full","2021-02-04T16:58:22.000Z","939","2l3mdq5l","false","mean","true","20","true","PROTEINS_full","true","shallow","5","32","true","32","false","0","","true","true","32","1","","146","true","0.0007","25","1000","false","","0.000001","LargerTopoGNN","2","3","","","","","","","","","","8","3","false","","true","true","42","","","","true","false","true","Tasks.GRAPH_CLASSIFICATION","true","421","false","","","300","6.8359375e-7","0.7321428656578064","0.5697905421257019","0.6964285969734192","0.5745025277137756","0.6000000238418579","0.6000000238418579","0.5676220655441284","0.5676220655441284","0.7321428656578064","","","0.5416533350944519","","","",""
"LargerTopoGNN_PROTEINS_full","oorq360t","finished","-","expectationmax","LargerTopoGNN, PROTEINS_full","2021-02-04T15:52:10.000Z","838","2l3mdq5l","false","mean","true","20","true","PROTEINS_full","true","shallow","3","32","true","32","false","0","","true","true","32","6","","146","true","0.0007","25","1000","false","","0.000001","LargerTopoGNN","2","3","","","","","","","","","","8","3","false","","true","true","42","","","","true","false","true","Tasks.GRAPH_CLASSIFICATION","true","421","false","","","388","6.8359375e-7","0.7657657861709595","0.5598437190055847","0.7567567825317383","0.5476397275924683","0.75","0.75","0.5580608248710632","0.5580608248710632","0.7589285969734192","","","0.565334141254425","","","",""
"LargerTopoGNN_PROTEINS_full","pulfygq8","finished","-","expectationmax","LargerTopoGNN, PROTEINS_full","2021-02-04T15:38:28.000Z","806","2l3mdq5l","false","mean","true","20","true","PROTEINS_full","true","shallow","3","32","true","32","false","0","","true","true","32","3","","146","true","0.0007","25","1000","false","","0.000001","LargerTopoGNN","2","3","","","","","","","","","","8","3","false","","true","true","42","","","","true","false","true","Tasks.GRAPH_CLASSIFICATION","true","421","false","","","384","6.8359375e-7","0.7567567825317383","0.5160724520683289","0.6936936974525452","0.5699605345726013","0.6499999761581421","0.6499999761581421","0.604405403137207","0.604405403137207","0.7142857313156128","","","0.5970025658607483","","","",""
"LargerTopoGNN_PROTEINS_full","1vvkm4em","finished","-","expectationmax","LargerTopoGNN, PROTEINS_full","2021-02-04T18:37:47.000Z","5367","2l3mdq5l","false","mean","true","20","true","PROTEINS_full","false","shallow","4","32","true","32","false","0","","true","false","32","2","","146","true","0.0007","25","1000","false","","0.000001","LargerTopoGNN","2","3","","","","","","","","","","8","3","false","","true","true","42","","","","true","false","true","Tasks.GRAPH_CLASSIFICATION","true","421","false","","","367","6.8359375e-7","0.7767857313156128","0.5316356420516968","0.7678571343421936","0.5370212197303772","0.8999999761581421","0.8999999761581421","0.3753819465637207","0.3753819465637207","0.75","","","0.5582635402679443","","","",""
"LargerTopoGNN_PROTEINS_full","v5w0psjd","finished","-","expectationmax","LargerTopoGNN, PROTEINS_full","2021-02-04T18:31:17.000Z","4935","2l3mdq5l","false","mean","true","20","true","PROTEINS_full","false","shallow","4","32","true","32","false","0","","true","true","32","4","","146","true","0.0007","25","1000","false","","0.000001","LargerTopoGNN","2","3","","","","","","","","","","8","3","false","","true","true","42","","","","true","false","true","Tasks.GRAPH_CLASSIFICATION","true","421","false","","","345","6.8359375e-7","0.6486486196517944","0.670028805732727","0.6756756901741028","0.625541627407074","0.6000000238418579","0.6000000238418579","0.7454193830490112","0.7454193830490112","0.7142857313156128","","","0.5692080855369568","","","",""
"LargerTopoGNN_PROTEINS_full","gnpaxgx9","finished","-","expectationmax","LargerTopoGNN, PROTEINS_full","2021-02-04T17:06:22.000Z","733","2l3mdq5l","false","mean","true","20","true","PROTEINS_full","true","shallow","5","32","true","32","false","0","","true","true","32","5","","146","true","0.0007","25","1000","false","","0.000001","LargerTopoGNN","2","3","","","","","","","","","","8","3","false","","true","true","42","","","","true","false","true","Tasks.GRAPH_CLASSIFICATION","true","421","false","","","344","6.8359375e-7","0.7297297120094299","0.5519087314605713","0.7297297120094299","0.5531352758407593","0.6499999761581421","0.6499999761581421","0.6722819805145264","0.6722819805145264","0.6785714030265808","","","0.6114985942840576","","","",""
"LargerTopoGNN_PROTEINS_full","h9xail6e","finished","-","expectationmax","LargerTopoGNN, PROTEINS_full","2021-02-04T19:36:19.000Z","1585","2l3mdq5l","false","mean","true","20","true","PROTEINS_full","false","shallow","5","32","true","32","false","0","","true","false","32","7","","146","true","0.0007","25","1000","false","","0.000001","LargerTopoGNN","2","3","","","","","","","","","","8","3","false","","true","true","42","","","","true","false","true","Tasks.GRAPH_CLASSIFICATION","true","421","false","","","297","6.8359375e-7","0.7657657861709595","0.5170400142669678","0.7387387156486511","0.524736762046814","0.550000011920929","0.550000011920929","0.7017480134963989","0.7017480134963989","0.7142857313156128","","","0.6236434578895569","","","",""
"LargerTopoGNN_PROTEINS_full","dbgb52g0","finished","-","expectationmax","LargerTopoGNN, PROTEINS_full","2021-02-04T16:51:23.000Z","879","2l3mdq5l","false","mean","true","20","true","PROTEINS_full","true","shallow","4","32","true","32","false","0","","true","false","32","6","","146","true","0.0007","25","1000","false","","0.000001","LargerTopoGNN","2","3","","","","","","","","","","8","3","false","","true","true","42","","","","true","false","true","Tasks.GRAPH_CLASSIFICATION","true","421","false","","","435","6.8359375e-7","0.7027027010917664","0.535415530204773","0.7387387156486511","0.549316942691803","0.75","0.75","0.5427373051643372","0.5427373051643372","0.7410714030265808","","","0.5293195843696594","","","",""
"LargerTopoGNN_PROTEINS_full","6woewo4d","finished","-","expectationmax","LargerTopoGNN, PROTEINS_full","2021-02-04T16:28:57.000Z","893","2l3mdq5l","false","mean","true","20","true","PROTEINS_full","true","shallow","4","32","true","32","false","0","","true","true","32","3","","146","true","0.0007","25","1000","false","","0.000001","LargerTopoGNN","2","3","","","","","","","","","","8","3","false","","true","true","42","","","","true","false","true","Tasks.GRAPH_CLASSIFICATION","true","421","false","","","321","6.8359375e-7","0.7117117047309875","0.5498948693275452","0.7117117047309875","0.5526958703994751","0.800000011920929","0.800000011920929","0.5725108981132507","0.5725108981132507","0.7767857313156128","","","0.5314908623695374","","","",""
"LargerTopoGNN_PROTEINS_full","vvputkq6","finished","-","expectationmax","LargerTopoGNN, PROTEINS_full","2021-02-04T17:29:37.000Z","652","2l3mdq5l","false","mean","true","20","true","PROTEINS_full","true","shallow","5","32","true","32","false","0","","true","false","32","7","","146","true","0.0007","25","1000","false","","0.000001","LargerTopoGNN","2","3","","","","","","","","","","8","3","false","","true","true","42","","","","true","false","true","Tasks.GRAPH_CLASSIFICATION","true","421","false","","","291","6.8359375e-7","0.7297297120094299","0.5436950325965881","0.7207207083702087","0.5702584981918335","0.75","0.75","0.5641858577728271","0.5641858577728271","0.75","","","0.5974198579788208","","","",""
"LargerTopoGNN_PROTEINS_full","mq4c9097","finished","-","expectationmax","LargerTopoGNN, PROTEINS_full","2021-02-04T18:06:21.000Z","1772","2l3mdq5l","false","mean","true","20","true","PROTEINS_full","false","shallow","3","32","true","32","false","0","","true","false","32","8","","146","true","0.0007","25","1000","false","","0.000001","LargerTopoGNN","2","3","","","","","","","","","","8","3","false","","true","true","42","","","","true","false","true","Tasks.GRAPH_CLASSIFICATION","true","421","false","","","309","6.8359375e-7","0.6936936974525452","0.6009477972984314","0.7207207083702087","0.5963879823684692","0.800000011920929","0.800000011920929","0.3877570927143097","0.3877570927143097","0.75","","","0.6018118262290955","","","",""
"LargerTopoGNN_PROTEINS_full","owuorikc","finished","-","expectationmax","LargerTopoGNN, PROTEINS_full","2021-02-04T19:12:23.000Z","2025","2l3mdq5l","false","mean","true","20","true","PROTEINS_full","false","shallow","5","32","true","32","false","0","","true","true","32","9","","146","true","0.0007","25","1000","false","","0.000001","LargerTopoGNN","2","3","","","","","","","","","","8","3","false","","true","true","42","","","","true","false","true","Tasks.GRAPH_CLASSIFICATION","true","421","false","","","330","6.8359375e-7","0.6756756901741028","0.6228979229927063","0.6576576828956604","0.6220394372940063","0.6499999761581421","0.6499999761581421","0.5729818344116211","0.5729818344116211","0.7053571343421936","","","0.5651775002479553","","","",""
"LargerTopoGNN_PROTEINS_full","3o2yie3c","finished","-","expectationmax","LargerTopoGNN, PROTEINS_full","2021-02-04T19:08:41.000Z","1579","2l3mdq5l","false","mean","true","20","true","PROTEINS_full","false","shallow","5","32","true","32","false","0","","true","true","32","8","","146","true","0.0007","25","1000","false","","0.000001","LargerTopoGNN","2","3","","","","","","","","","","8","3","false","","true","true","42","","","","true","false","true","Tasks.GRAPH_CLASSIFICATION","true","421","false","","","277","6.8359375e-7","0.6666666865348816","0.6416243314743042","0.6666666865348816","0.6577273011207581","0.8999999761581421","0.8999999761581421","0.454150527715683","0.454150527715683","0.6964285969734192","","","0.5745464563369751","","","",""
"LargerTopoGNN_PROTEINS_full","q182m61a","finished","-","expectationmax","LargerTopoGNN, PROTEINS_full","2021-02-04T16:05:32.000Z","730","2l3mdq5l","false","mean","true","20","true","PROTEINS_full","true","shallow","3","32","true","32","false","0","","true","false","32","0","","146","true","0.0007","25","1000","false","","0.000001","LargerTopoGNN","2","3","","","","","","","","","","8","3","false","","true","true","42","","","","true","false","true","Tasks.GRAPH_CLASSIFICATION","true","421","false","","","353","6.8359375e-7","0.7767857313156128","0.4647264182567597","0.75","0.4939829409122467","0.8500000238418579","0.8500000238418579","0.5365519523620605","0.5365519523620605","0.7678571343421936","","","0.48943379521369934","","","",""
"LargerTopoGNN_PROTEINS_full","j8jr61v0","finished","-","expectationmax","LargerTopoGNN, PROTEINS_full","2021-02-04T16:06:38.000Z","785","2l3mdq5l","false","mean","true","20","true","PROTEINS_full","true","shallow","3","32","true","32","false","0","","true","false","32","1","","146","true","0.0007","25","1000","false","","0.000001","LargerTopoGNN","2","3","","","","","","","","","","8","3","false","","true","true","42","","","","true","false","true","Tasks.GRAPH_CLASSIFICATION","true","421","false","","","360","6.8359375e-7","0.7589285969734192","0.5531184077262878","0.7053571343421936","0.5567798614501953","0.800000011920929","0.800000011920929","0.4896510541439056","0.4896510541439056","0.7946428656578064","","","0.49766629934310913","","","",""
"LargerTopoGNN_PROTEINS_full","d811ix66","finished","-","expectationmax","LargerTopoGNN, PROTEINS_full","2021-02-04T18:03:30.000Z","1787","2l3mdq5l","false","mean","true","20","true","PROTEINS_full","false","shallow","3","32","true","32","false","0","","true","false","32","4","","146","true","0.0007","25","1000","false","","0.000001","LargerTopoGNN","2","3","","","","","","","","","","8","3","false","","true","true","42","","","","true","false","true","Tasks.GRAPH_CLASSIFICATION","true","421","false","","","301","6.8359375e-7","0.7027027010917664","0.610173225402832","0.7027027010917664","0.5920206308364868","0.75","0.75","0.5114417672157288","0.5114417672157288","0.7053571343421936","","","0.6191112399101257","","","",""
"LargerTopoGNN_PROTEINS_full","9rb5n41o","finished","-","expectationmax","LargerTopoGNN, PROTEINS_full","2021-02-04T17:49:32.000Z","1738","2l3mdq5l","false","mean","true","20","true","PROTEINS_full","false","shallow","3","32","true","32","false","0","","true","false","32","1","","146","true","0.0007","25","1000","false","","0.000001","LargerTopoGNN","2","3","","","","","","","","","","8","3","false","","true","true","42","","","","true","false","true","Tasks.GRAPH_CLASSIFICATION","true","421","false","","","326","6.8359375e-7","0.7589285969734192","0.5372722148895264","0.7589285969734192","0.5445790886878967","0.8500000238418579","0.8500000238418579","0.41167283058166504","0.41167283058166504","0.7589285969734192","","","0.5061536431312561","","","",""
"LargerTopoGNN_PROTEINS_full","drexggck","finished","-","expectationmax","LargerTopoGNN, PROTEINS_full","2021-02-04T17:37:33.000Z","1476","2l3mdq5l","false","mean","true","20","true","PROTEINS_full","false","shallow","3","32","true","32","false","0","","true","true","32","2","","146","true","0.0007","25","1000","false","","0.000001","LargerTopoGNN","2","3","","","","","","","","","","8","3","false","","true","true","42","","","","true","false","true","Tasks.GRAPH_CLASSIFICATION","true","421","false","","","292","6.8359375e-7","0.7321428656578064","0.5944623351097107","0.7142857313156128","0.569938600063324","0.75","0.75","0.5000970363616943","0.5000970363616943","0.6875","","","0.6195774078369141","","","",""
"LargerTopoGNN_PROTEINS_full","ud0t1y2q","finished","-","expectationmax","LargerTopoGNN, PROTEINS_full","2021-02-04T19:37:44.000Z","1759","2l3mdq5l","false","mean","true","20","true","PROTEINS_full","false","shallow","5","32","true","32","false","0","","true","false","32","9","","146","true","0.0007","25","1000","false","","0.000001","LargerTopoGNN","2","3","","","","","","","","","","8","3","false","","true","true","42","","","","true","false","true","Tasks.GRAPH_CLASSIFICATION","true","421","false","","","331","6.8359375e-7","0.7567567825317383","0.5544649958610535","0.7387387156486511","0.5557094812393188","0.800000011920929","0.800000011920929","0.33604705333709717","0.33604705333709717","0.7857142686843872","","","0.5174084901809692","","","",""
"LargerTopoGNN_PROTEINS_full","47sefy29","finished","-","expectationmax","LargerTopoGNN, PROTEINS_full","2021-02-04T17:38:26.000Z","1615","2l3mdq5l","false","mean","true","20","true","PROTEINS_full","false","shallow","3","32","true","32","false","0","","true","true","32","6","","146","true","0.0007","25","1000","false","","0.000001","LargerTopoGNN","2","3","","","","","","","","","","8","3","false","","true","true","42","","","","true","false","true","Tasks.GRAPH_CLASSIFICATION","true","421","false","","","324","6.8359375e-7","0.7027027010917664","0.5831011533737183","0.684684693813324","0.6083119511604309","0.6499999761581421","0.6499999761581421","0.6298923492431641","0.6298923492431641","0.6964285969734192","","","0.5839007496833801","","","",""
"LargerTopoGNN_PROTEINS_full","uf4uapq4","finished","-","expectationmax","LargerTopoGNN, PROTEINS_full","2021-02-04T17:09:27.000Z","814","2l3mdq5l","false","mean","true","20","true","PROTEINS_full","true","shallow","5","32","true","32","false","0","","true","true","32","7","","146","true","0.0007","25","1000","false","","0.000001","LargerTopoGNN","2","3","","","","","","","","","","8","3","false","","true","true","42","","","","true","false","true","Tasks.GRAPH_CLASSIFICATION","true","421","false","","","392","6.8359375e-7","0.7387387156486511","0.5611597299575806","0.7207207083702087","0.5812985897064209","0.949999988079071","0.949999988079071","0.35423606634140015","0.35423606634140015","0.7321428656578064","","","0.5778567790985107","","","",""
"LargerTopoGNN_PROTEINS_full","84m8lkrk","finished","-","expectationmax","LargerTopoGNN, PROTEINS_full","2021-02-04T17:39:01.000Z","1549","2l3mdq5l","false","mean","true","20","true","PROTEINS_full","false","shallow","3","32","true","32","false","0","","true","true","32","8","","146","true","0.0007","25","1000","false","","0.000001","LargerTopoGNN","2","3","","","","","","","","","","8","3","false","","true","true","42","","","","true","false","true","Tasks.GRAPH_CLASSIFICATION","true","421","false","","","306","6.8359375e-7","0.6396396160125732","0.6634521484375","0.7027027010917664","0.647723376750946","0.6000000238418579","0.6000000238418579","0.6498936414718628","0.6498936414718628","0.7321428656578064","","","0.5765072703361511","","","",""
"LargerTopoGNN_PROTEINS_full","n8vnfzlp","finished","-","expectationmax","LargerTopoGNN, PROTEINS_full","2021-02-04T16:55:50.000Z","802","2l3mdq5l","false","mean","true","20","true","PROTEINS_full","true","shallow","4","32","true","32","false","0","","true","false","32","8","","146","true","0.0007","25","1000","false","","0.000001","LargerTopoGNN","2","3","","","","","","","","","","8","3","false","","true","true","42","","","","true","false","true","Tasks.GRAPH_CLASSIFICATION","true","421","false","","","389","6.8359375e-7","0.6756756901741028","0.5883692502975464","0.7027027010917664","0.5928224921226501","0.699999988079071","0.699999988079071","0.5906800031661987","0.5906800031661987","0.7410714030265808","","","0.5634136199951172","","","",""
"LargerTopoGNN_PROTEINS_full","wzfybgnr","finished","-","expectationmax","LargerTopoGNN, PROTEINS_full","2021-02-04T19:16:27.000Z","2142","2l3mdq5l","false","mean","true","20","true","PROTEINS_full","false","shallow","5","32","true","32","false","0","","true","false","32","1","","146","true","0.0007","25","1000","false","","0.000001","LargerTopoGNN","2","3","","","","","","","","","","8","3","false","","true","true","42","","","","true","false","true","Tasks.GRAPH_CLASSIFICATION","true","421","false","","","353","6.8359375e-7","0.7321428656578064","0.5798422694206238","0.7589285969734192","0.5789271593093872","0.699999988079071","0.699999988079071","0.5364097356796265","0.5364097356796265","0.7589285969734192","","","0.5010899305343628","","","",""
"LargerTopoGNN_PROTEINS_full","2yik9mpo","finished","-","expectationmax","LargerTopoGNN, PROTEINS_full","2021-02-04T15:50:47.000Z","717","2l3mdq5l","false","mean","true","20","true","PROTEINS_full","true","shallow","3","32","true","32","false","0","","true","true","32","4","","146","true","0.0007","25","1000","false","","0.000001","LargerTopoGNN","2","3","","","","","","","","","","8","3","false","","true","true","42","","","","true","false","true","Tasks.GRAPH_CLASSIFICATION","true","421","false","","","323","6.8359375e-7","0.6216216087341309","0.6673014163970947","0.6396396160125732","0.6297062039375305","0.699999988079071","0.699999988079071","0.6447969079017639","0.6447969079017639","0.7053571343421936","","","0.6138174533843994","","","",""
"LargerTopoGNN_PROTEINS_full","u809u54l","finished","-","expectationmax","LargerTopoGNN, PROTEINS_full","2021-02-04T18:37:46.000Z","4013","2l3mdq5l","false","mean","true","20","true","PROTEINS_full","false","shallow","4","32","true","32","false","0","","true","false","32","0","","146","true","0.0007","25","1000","false","","0.000001","LargerTopoGNN","2","3","","","","","","","","","","8","3","false","","true","true","42","","","","true","false","true","Tasks.GRAPH_CLASSIFICATION","true","421","false","","","298","6.8359375e-7","0.7767857313156128","0.4821223318576813","0.7946428656578064","0.47618722915649414","0.699999988079071","0.699999988079071","0.5283114910125732","0.5283114910125732","0.7589285969734192","","","0.49611490964889526","","","",""
"LargerTopoGNN_PROTEINS_full","kz2gtu8q","finished","-","expectationmax","LargerTopoGNN, PROTEINS_full","2021-02-04T16:40:25.000Z","748","2l3mdq5l","false","mean","true","20","true","PROTEINS_full","true","shallow","4","32","true","32","false","0","","true","true","32","9","","146","true","0.0007","25","1000","false","","0.000001","LargerTopoGNN","2","3","","","","","","","","","","8","3","false","","true","true","42","","","","true","false","true","Tasks.GRAPH_CLASSIFICATION","true","421","false","","","371","6.8359375e-7","0.6936936974525452","0.6042336821556091","0.6216216087341309","0.6207364201545715","0.800000011920929","0.800000011920929","0.5471888184547424","0.5471888184547424","0.7767857313156128","","","0.4955551028251648","","","",""
"LargerTopoGNN_PROTEINS_full","dqqcuhkr","finished","-","expectationmax","LargerTopoGNN, PROTEINS_full","2021-02-04T18:04:35.000Z","1685","2l3mdq5l","false","mean","true","20","true","PROTEINS_full","false","shallow","3","32","true","32","false","0","","true","false","32","5","","146","true","0.0007","25","1000","false","","0.000001","LargerTopoGNN","2","3","","","","","","","","","","8","3","false","","true","true","42","","","","true","false","true","Tasks.GRAPH_CLASSIFICATION","true","421","false","","","292","6.8359375e-7","0.792792797088623","0.5329943895339966","0.792792797088623","0.5205541849136353","0.8500000238418579","0.8500000238418579","0.41205573081970215","0.41205573081970215","0.7142857313156128","","","0.613220751285553","","","",""
"LargerTopoGNN_PROTEINS_full","ijsdmgxi","finished","-","expectationmax","LargerTopoGNN, PROTEINS_full","2021-02-04T17:37:34.000Z","1698","2l3mdq5l","false","mean","true","20","true","PROTEINS_full","false","shallow","3","32","true","32","false","0","","true","true","32","5","","146","true","0.0007","25","1000","false","","0.000001","LargerTopoGNN","2","3","","","","","","","","","","8","3","false","","true","true","42","","","","true","false","true","Tasks.GRAPH_CLASSIFICATION","true","421","false","","","302","6.8359375e-7","0.7657657861709595","0.5344228744506836","0.7207207083702087","0.5718609690666199","0.699999988079071","0.699999988079071","0.5253361463546753","0.5253361463546753","0.6696428656578064","","","0.5854265689849854","","","",""
"LargerTopoGNN_PROTEINS_full","u7p82c86","finished","-","expectationmax","LargerTopoGNN, PROTEINS_full","2021-02-04T17:14:19.000Z","1065","2l3mdq5l","false","mean","true","20","true","PROTEINS_full","true","shallow","5","32","true","32","false","0","","true","true","32","8","","146","true","0.0007","25","1000","false","","0.000001","LargerTopoGNN","2","3","","","","","","","","","","8","3","false","","true","true","42","","","","true","false","true","Tasks.GRAPH_CLASSIFICATION","true","421","false","","","352","6.8359375e-7","0.6486486196517944","0.6745043992996216","0.6936936974525452","0.6329665780067444","0.6000000238418579","0.6000000238418579","0.6356146335601807","0.6356146335601807","0.7053571343421936","","","0.5821285247802734","","","",""
"LargerTopoGNN_PROTEINS_full","ajbl4nul","finished","-","expectationmax","LargerTopoGNN, PROTEINS_full","2021-02-04T16:42:15.000Z","976","2l3mdq5l","false","mean","true","20","true","PROTEINS_full","true","shallow","4","32","true","32","false","0","","true","false","32","2","","146","true","0.0007","25","1000","false","","0.000001","LargerTopoGNN","2","3","","","","","","","","","","8","3","false","","true","true","42","","","","true","false","true","Tasks.GRAPH_CLASSIFICATION","true","421","false","","","350","6.8359375e-7","0.7767857313156128","0.5398880243301392","0.7678571343421936","0.5455573797225952","0.8999999761581421","0.8999999761581421","0.4151420593261719","0.4151420593261719","0.75","","","0.5387858152389526","","","",""
"LargerTopoGNN_PROTEINS_full","6t4uehbg","finished","-","expectationmax","LargerTopoGNN, PROTEINS_full","2021-02-04T17:40:49.000Z","1671","2l3mdq5l","false","mean","true","20","true","PROTEINS_full","false","shallow","3","32","true","32","false","0","","true","true","32","9","","146","true","0.0007","25","1000","false","","0.000001","LargerTopoGNN","2","3","","","","","","","","","","8","3","false","","true","true","42","","","","true","false","true","Tasks.GRAPH_CLASSIFICATION","true","421","false","","","330","6.8359375e-7","0.7297297120094299","0.5459119081497192","0.6666666865348816","0.5953627228736877","0.6499999761581421","0.6499999761581421","0.5072056651115417","0.5072056651115417","0.7142857313156128","","","0.5483543276786804","","","",""
"LargerTopoGNN_PROTEINS_full","s0a1ue5i","finished","-","expectationmax","LargerTopoGNN, PROTEINS_full","2021-02-04T16:29:16.000Z","747","2l3mdq5l","false","mean","true","20","true","PROTEINS_full","true","shallow","4","32","true","32","false","0","","true","true","32","6","","146","true","0.0007","25","1000","false","","0.000001","LargerTopoGNN","2","3","","","","","","","","","","8","3","false","","true","true","42","","","","true","false","true","Tasks.GRAPH_CLASSIFICATION","true","421","false","","","313","6.8359375e-7","0.6936936974525452","0.5897492170333862","0.7387387156486511","0.5225340723991394","0.6000000238418579","0.6000000238418579","0.7223888635635376","0.7223888635635376","0.75","","","0.5363167524337769","","","",""
"LargerTopoGNN_PROTEINS_full","6vvjybfd","finished","-","expectationmax","LargerTopoGNN, PROTEINS_full","2021-02-04T19:04:57.000Z","1846","2l3mdq5l","false","mean","true","20","true","PROTEINS_full","false","shallow","5","32","true","32","false","0","","true","true","32","0","","146","true","0.0007","25","1000","false","","0.000001","LargerTopoGNN","2","3","","","","","","","","","","8","3","false","","true","true","42","","","","true","false","true","Tasks.GRAPH_CLASSIFICATION","true","421","false","","","349","6.8359375e-7","0.7946428656578064","0.508213460445404","0.7410714030265808","0.5438706874847412","0.6000000238418579","0.6000000238418579","0.6131728887557983","0.6131728887557983","0.6785714030265808","","","0.5956748127937317","","","",""
"LargerTopoGNN_PROTEINS_full","39brknq2","finished","-","expectationmax","LargerTopoGNN, PROTEINS_full","2021-02-04T18:52:52.000Z","1587","2l3mdq5l","false","mean","true","20","true","PROTEINS_full","false","shallow","4","32","true","32","false","0","","true","false","32","7","","146","true","0.0007","25","1000","false","","0.000001","LargerTopoGNN","2","3","","","","","","","","","","8","3","false","","true","true","42","","","","true","false","true","Tasks.GRAPH_CLASSIFICATION","true","421","false","","","281","6.8359375e-7","0.7477477192878723","0.5365908741950989","0.7477477192878723","0.5486217737197876","0.8999999761581421","0.8999999761581421","0.3752161562442779","0.3752161562442779","0.7321428656578064","","","0.6902294158935547","","","",""
"LargerTopoGNN_PROTEINS_full","7ljz3yn1","finished","-","expectationmax","LargerTopoGNN, PROTEINS_full","2021-02-04T18:42:13.000Z","1574","2l3mdq5l","false","mean","true","20","true","PROTEINS_full","false","shallow","4","32","true","32","false","0","","true","false","32","5","","146","true","0.0007","25","1000","false","","0.000001","LargerTopoGNN","2","3","","","","","","","","","","8","3","false","","true","true","42","","","","true","false","true","Tasks.GRAPH_CLASSIFICATION","true","421","false","","","287","6.8359375e-7","0.8018018007278442","0.5221570134162903","0.8018018007278442","0.5455083250999451","0.75","0.75","0.5544279217720032","0.5544279217720032","0.7321428656578064","","","0.6351290345191956","","","",""
"LargerTopoGNN_PROTEINS_full","9iu6ck21","finished","-","expectationmax","LargerTopoGNN, PROTEINS_full","2021-02-04T18:33:57.000Z","1869","2l3mdq5l","false","mean","true","20","true","PROTEINS_full","false","shallow","4","32","true","32","false","0","","true","true","32","7","","146","true","0.0007","25","1000","false","","0.000001","LargerTopoGNN","2","3","","","","","","","","","","8","3","false","","true","true","42","","","","true","false","true","Tasks.GRAPH_CLASSIFICATION","true","421","false","","","344","6.8359375e-7","0.7747747898101807","0.5746873021125793","0.6756756901741028","0.6161485910415649","0.6499999761581421","0.6499999761581421","0.592056393623352","0.592056393623352","0.7321428656578064","","","0.6057529449462891","","","",""
"LargerTopoGNN_PROTEINS_full","edyctvsz","finished","-","expectationmax","LargerTopoGNN, PROTEINS_full","2021-02-04T17:26:31.000Z","692","2l3mdq5l","false","mean","true","20","true","PROTEINS_full","true","shallow","5","32","true","32","false","0","","true","false","32","5","","146","true","0.0007","25","1000","false","","0.000001","LargerTopoGNN","2","3","","","","","","","","","","8","3","false","","true","true","42","","","","true","false","true","Tasks.GRAPH_CLASSIFICATION","true","421","false","","","324","6.8359375e-7","0.7567567825317383","0.5250394344329834","0.792792797088623","0.51300448179245","0.699999988079071","0.699999988079071","0.5391904711723328","0.5391904711723328","0.7053571343421936","","","0.5679321885108948","","","",""
"LargerTopoGNN_PROTEINS_full","ftuvvo9u","finished","-","expectationmax","LargerTopoGNN, PROTEINS_full","2021-02-04T19:36:01.000Z","1761","2l3mdq5l","false","mean","true","20","true","PROTEINS_full","false","shallow","5","32","true","32","false","0","","true","false","32","6","","146","true","0.0007","25","1000","false","","0.000001","LargerTopoGNN","2","3","","","","","","","","","","8","3","false","","true","true","42","","","","true","false","true","Tasks.GRAPH_CLASSIFICATION","true","421","false","","","323","6.8359375e-7","0.7477477192878723","0.5592213869094849","0.7477477192878723","0.5557620525360107","0.699999988079071","0.699999988079071","0.5857976675033569","0.5857976675033569","0.75","","","0.5262311697006226","","","",""
"LargerTopoGNN_PROTEINS_full","zpd79xi0","finished","-","expectationmax","LargerTopoGNN, PROTEINS_full","2021-02-04T18:25:28.000Z","2000","2l3mdq5l","false","mean","true","20","true","PROTEINS_full","false","shallow","4","32","true","32","false","0","","true","true","32","2","","146","true","0.0007","25","1000","false","","0.000001","LargerTopoGNN","2","3","","","","","","","","","","8","3","false","","true","true","42","","","","true","false","true","Tasks.GRAPH_CLASSIFICATION","true","421","false","","","371","6.8359375e-7","0.6964285969734192","0.5866343379020691","0.7232142686843872","0.5868886709213257","0.8500000238418579","0.8500000238418579","0.4815097451210022","0.4815097451210022","0.7142857313156128","","","0.5752449035644531","","","",""
"LargerTopoGNN_PROTEINS_full","64o18y7e","finished","-","expectationmax","LargerTopoGNN, PROTEINS_full","2021-02-04T19:13:36.000Z","2079","2l3mdq5l","false","mean","true","20","true","PROTEINS_full","false","shallow","5","32","true","32","false","0","","true","false","32","0","","146","true","0.0007","25","1000","false","","0.000001","LargerTopoGNN","2","3","","","","","","","","","","8","3","false","","true","true","42","","","","true","false","true","Tasks.GRAPH_CLASSIFICATION","true","421","false","","","363","6.8359375e-7","0.7767857313156128","0.4847829043865204","0.7767857313156128","0.4880889654159546","0.6499999761581421","0.6499999761581421","0.6175012588500977","0.6175012588500977","0.7946428656578064","","","0.4948887526988983","","","",""
"LargerTopoGNN_PROTEINS_full","ykij315n","finished","-","expectationmax","LargerTopoGNN, PROTEINS_full","2021-02-04T18:37:47.000Z","4063","2l3mdq5l","false","mean","true","20","true","PROTEINS_full","false","shallow","4","32","true","32","false","0","","true","false","32","3","","146","true","0.0007","25","1000","false","","0.000001","LargerTopoGNN","2","3","","","","","","","","","","8","3","false","","true","true","42","","","","true","false","true","Tasks.GRAPH_CLASSIFICATION","true","421","false","","","276","6.8359375e-7","0.7387387156486511","0.5170261859893799","0.7657657861709595","0.514523446559906","0.800000011920929","0.800000011920929","0.4694830775260926","0.4694830775260926","0.7767857313156128","","","0.5649431943893433","","","",""
"LargerTopoGNN_PROTEINS_full","6cahkflz","finished","-","expectationmax","LargerTopoGNN, PROTEINS_full","2021-02-04T18:59:07.000Z","1528","2l3mdq5l","false","mean","true","20","true","PROTEINS_full","false","shallow","4","32","true","32","false","0","","true","false","32","8","","146","true","0.0007","25","1000","false","","0.000001","LargerTopoGNN","2","3","","","","","","","","","","8","3","false","","true","true","42","","","","true","false","true","Tasks.GRAPH_CLASSIFICATION","true","421","false","","","289","6.8359375e-7","0.6666666865348816","0.6547465920448303","0.6756756901741028","0.655786395072937","0.699999988079071","0.699999988079071","0.5168029069900513","0.5168029069900513","0.75","","","0.545072615146637","","","",""
"LargerTopoGNN_PROTEINS_full","he4rqge9","finished","-","expectationmax","LargerTopoGNN, PROTEINS_full","2021-02-04T17:37:33.000Z","1438","2l3mdq5l","false","mean","true","20","true","PROTEINS_full","false","shallow","3","32","true","32","false","0","","true","true","32","4","","146","true","0.0007","25","1000","false","","0.000001","LargerTopoGNN","2","3","","","","","","","","","","8","3","false","","true","true","42","","","","true","false","true","Tasks.GRAPH_CLASSIFICATION","true","421","false","","","277","6.8359375e-7","0.6396396160125732","0.6472880244255066","0.6396396160125732","0.664398193359375","0.699999988079071","0.699999988079071","0.5395107269287109","0.5395107269287109","0.7142857313156128","","","0.6054056882858276","","","",""
"LargerTopoGNN_PROTEINS_full","7ljoxawr","finished","-","expectationmax","LargerTopoGNN, PROTEINS_full","2021-02-04T17:46:23.000Z","2671","2l3mdq5l","false","mean","true","20","true","PROTEINS_full","false","shallow","3","32","true","32","false","0","","true","false","32","0","","146","true","0.0007","25","1000","false","","0.000001","LargerTopoGNN","2","3","","","","","","","","","","8","3","false","","true","true","42","","","","true","false","true","Tasks.GRAPH_CLASSIFICATION","true","421","false","","","342","6.8359375e-7","0.7767857313156128","0.47477152943611145","0.7946428656578064","0.47535669803619385","0.6499999761581421","0.6499999761581421","0.6203457713127136","0.6203457713127136","0.7410714030265808","","","0.5076637864112854","","","",""
"LargerTopoGNN_PROTEINS_full","2tn94c2m","finished","-","expectationmax","LargerTopoGNN, PROTEINS_full","2021-02-04T19:07:22.000Z","2322","2l3mdq5l","false","mean","true","20","true","PROTEINS_full","false","shallow","5","32","true","32","false","0","","true","true","32","6","","146","true","0.0007","25","1000","false","","0.000001","LargerTopoGNN","2","3","","","","","","","","","","8","3","false","","true","true","42","","","","true","false","true","Tasks.GRAPH_CLASSIFICATION","true","421","false","","","391","6.8359375e-7","0.7027027010917664","0.6044503450393677","0.7297297120094299","0.5894106030464172","0.8999999761581421","0.8999999761581421","0.3734759390354157","0.3734759390354157","0.7589285969734192","","","0.5422220826148987","","","",""
"LargerTopoGNN_PROTEINS_full","vfft1514","finished","-","expectationmax","LargerTopoGNN, PROTEINS_full","2021-02-04T17:03:44.000Z","700","2l3mdq5l","false","mean","true","20","true","PROTEINS_full","true","shallow","5","32","true","32","false","0","","true","true","32","4","","146","true","0.0007","25","1000","false","","0.000001","LargerTopoGNN","2","3","","","","","","","","","","8","3","false","","true","true","42","","","","true","false","true","Tasks.GRAPH_CLASSIFICATION","true","421","false","","","328","6.8359375e-7","0.684684693813324","0.6269966959953308","0.6936936974525452","0.6081708073616028","0.8500000238418579","0.8500000238418579","0.4540947079658508","0.4540947079658508","0.6964285969734192","","","0.6216987371444702","","","",""
"LargerTopoGNN_PROTEINS_full","w42yssrg","finished","-","expectationmax","LargerTopoGNN, PROTEINS_full","2021-02-04T18:09:34.000Z","1942","2l3mdq5l","false","mean","true","20","true","PROTEINS_full","false","shallow","4","32","true","32","false","0","","true","true","32","0","","146","true","0.0007","25","1000","false","","0.000001","LargerTopoGNN","2","3","","","","","","","","","","8","3","false","","true","true","42","","","","true","false","true","Tasks.GRAPH_CLASSIFICATION","true","421","false","","","360","6.8359375e-7","0.7053571343421936","0.5237427949905396","0.7232142686843872","0.5452283024787903","0.800000011920929","0.800000011920929","0.5687382817268372","0.5687382817268372","0.6875","","","0.5682589411735535","","","",""
"LargerTopoGNN_PROTEINS_full","tb4c715z","finished","-","expectationmax","LargerTopoGNN, PROTEINS_full","2021-02-04T15:52:09.000Z","705","2l3mdq5l","false","mean","true","20","true","PROTEINS_full","true","shallow","3","32","true","32","false","0","","true","true","32","5","","146","true","0.0007","25","1000","false","","0.000001","LargerTopoGNN","2","3","","","","","","","","","","8","3","false","","true","true","42","","","","true","false","true","Tasks.GRAPH_CLASSIFICATION","true","421","false","","","340","6.8359375e-7","0.7477477192878723","0.5505694150924683","0.7207207083702087","0.563844621181488","0.75","0.75","0.5320904850959778","0.5320904850959778","0.6607142686843872","","","0.6049289107322693","","","",""
"LargerTopoGNN_PROTEINS_full","csd8gikb","finished","-","expectationmax","LargerTopoGNN, PROTEINS_full","2021-02-04T18:34:02.000Z","1855","2l3mdq5l","false","mean","true","20","true","PROTEINS_full","false","shallow","4","32","true","32","false","0","","true","true","32","8","","146","true","0.0007","25","1000","false","","0.000001","LargerTopoGNN","2","3","","","","","","","","","","8","3","false","","true","true","42","","","","true","false","true","Tasks.GRAPH_CLASSIFICATION","true","421","false","","","361","6.8359375e-7","0.6576576828956604","0.62809818983078","0.6756756901741028","0.6216684579849243","0.800000011920929","0.800000011920929","0.46169939637184143","0.46169939637184143","0.6785714030265808","","","0.6085276007652283","","","",""
"LargerTopoGNN_PROTEINS_full","6nwcjpmr","finished","-","expectationmax","LargerTopoGNN, PROTEINS_full","2021-02-04T17:37:33.000Z","1542","2l3mdq5l","false","mean","true","20","true","PROTEINS_full","false","shallow","3","32","true","32","false","0","","true","true","32","3","","146","true","0.0007","25","1000","false","","0.000001","LargerTopoGNN","2","3","","","","","","","","","","8","3","false","","true","true","42","","","","true","false","true","Tasks.GRAPH_CLASSIFICATION","true","421","false","","","312","6.8359375e-7","0.6936936974525452","0.583791971206665","0.684684693813324","0.6147346496582031","0.800000011920929","0.800000011920929","0.4414332509040833","0.4414332509040833","0.7053571343421936","","","0.5656270980834961","","","",""
"LargerTopoGNN_PROTEINS_full","ixawiz1q","finished","-","expectationmax","LargerTopoGNN, PROTEINS_full","2021-02-04T19:24:54.000Z","1492","2l3mdq5l","false","mean","true","20","true","PROTEINS_full","false","shallow","5","32","true","32","false","0","","true","false","32","3","","146","true","0.0007","25","1000","false","","0.000001","LargerTopoGNN","2","3","","","","","","","","","","8","3","false","","true","true","42","","","","true","false","true","Tasks.GRAPH_CLASSIFICATION","true","421","false","","","272","6.8359375e-7","0.7567567825317383","0.5031948685646057","0.7297297120094299","0.508213460445404","0.800000011920929","0.800000011920929","0.4529898762702942","0.4529898762702942","0.7857142686843872","","","0.5782795548439026","","","",""
"LargerTopoGNN_PROTEINS_full","ny1wx8fh","finished","-","expectationmax","LargerTopoGNN, PROTEINS_full","2021-02-04T16:40:20.000Z","644","2l3mdq5l","false","mean","true","20","true","PROTEINS_full","true","shallow","4","32","true","32","false","0","","true","true","32","8","","146","true","0.0007","25","1000","false","","0.000001","LargerTopoGNN","2","3","","","","","","","","","","8","3","false","","true","true","42","","","","true","false","true","Tasks.GRAPH_CLASSIFICATION","true","421","false","","","330","6.8359375e-7","0.6486486196517944","0.6464492678642273","0.6576576828956604","0.6605178713798523","0.6499999761581421","0.6499999761581421","0.6514678597450256","0.6514678597450256","0.6607142686843872","","","0.5729961395263672","","","",""
"LargerTopoGNN_PROTEINS_full","b8gcpou6","finished","-","expectationmax","LargerTopoGNN, PROTEINS_full","2021-02-04T17:35:11.000Z","2044","2l3mdq5l","false","mean","true","20","true","PROTEINS_full","false","shallow","3","32","true","32","false","0","","true","true","32","0","","146","true","0.0007","25","1000","false","","0.000001","LargerTopoGNN","2","3","","","","","","","","","","8","3","false","","true","true","42","","","","true","false","true","Tasks.GRAPH_CLASSIFICATION","true","421","false","","","330","6.8359375e-7","0.7232142686843872","0.5647122263908386","0.7410714030265808","0.5559941530227661","0.75","0.75","0.523364782333374","0.523364782333374","0.7142857313156128","","","0.5635319352149963","","","",""
"LargerTopoGNN_PROTEINS_full","i31kj92i","finished","-","expectationmax","LargerTopoGNN, PROTEINS_full","2021-02-04T18:05:07.000Z","1713","2l3mdq5l","false","mean","true","20","true","PROTEINS_full","false","shallow","3","32","true","32","false","0","","true","false","32","6","","146","true","0.0007","25","1000","false","","0.000001","LargerTopoGNN","2","3","","","","","","","","","","8","3","false","","true","true","42","","","","true","false","true","Tasks.GRAPH_CLASSIFICATION","true","421","false","","","336","6.8359375e-7","0.7477477192878723","0.5383580923080444","0.7567567825317383","0.5348246097564697","0.800000011920929","0.800000011920929","0.394398033618927","0.394398033618927","0.75","","","0.5280144214630127","","","",""
"LargerTopoGNN_PROTEINS_full","w0ndgt1o","finished","-","expectationmax","LargerTopoGNN, PROTEINS_full","2021-02-04T18:37:47.000Z","5028","2l3mdq5l","false","mean","true","20","true","PROTEINS_full","false","shallow","4","32","true","32","false","0","","true","false","32","1","","146","true","0.0007","25","1000","false","","0.000001","LargerTopoGNN","2","3","","","","","","","","","","8","3","false","","true","true","42","","","","true","false","true","Tasks.GRAPH_CLASSIFICATION","true","421","false","","","348","6.8359375e-7","0.7678571343421936","0.5656489133834839","0.75","0.559325635433197","0.8500000238418579","0.8500000238418579","0.3755123019218445","0.3755123019218445","0.75","","","0.5118628740310669","","","",""
"LargerTopoGNN_PROTEINS_full","bqohoqxq","finished","-","expectationmax","LargerTopoGNN, PROTEINS_full","2021-02-04T16:15:02.000Z","828","2l3mdq5l","false","mean","true","20","true","PROTEINS_full","true","shallow","3","32","true","32","false","0","","true","false","32","4","","146","true","0.0007","25","1000","false","","0.000001","LargerTopoGNN","2","3","","","","","","","","","","8","3","false","","true","true","42","","","","true","false","true","Tasks.GRAPH_CLASSIFICATION","true","421","false","","","334","6.8359375e-7","0.7207207083702087","0.5969372987747192","0.7117117047309875","0.5873174071311951","0.75","0.75","0.5870186686515808","0.5870186686515808","0.7142857313156128","","","0.5957072973251343","","","",""
"LargerTopoGNN_PROTEINS_full","xft5w4jh","finished","-","expectationmax","LargerTopoGNN, PROTEINS_full","2021-02-04T15:52:23.000Z","749","2l3mdq5l","false","mean","true","20","true","PROTEINS_full","true","shallow","3","32","true","32","false","0","","true","true","32","7","","146","true","0.0007","25","1000","false","","0.000001","LargerTopoGNN","2","3","","","","","","","","","","8","3","false","","true","true","42","","","","true","false","true","Tasks.GRAPH_CLASSIFICATION","true","421","false","","","357","6.8359375e-7","0.7207207083702087","0.5631715655326843","0.7477477192878723","0.5558422207832336","0.6499999761581421","0.6499999761581421","0.7281213998794556","0.7281213998794556","0.7321428656578064","","","0.6178557276725769","","","",""
"LargerTopoGNN_PROTEINS_full","0p0uz3dn","finished","-","expectationmax","LargerTopoGNN, PROTEINS_full","2021-02-04T16:57:36.000Z","1016","2l3mdq5l","false","mean","true","20","true","PROTEINS_full","true","shallow","5","32","true","32","false","0","","true","true","32","0","","146","true","0.0007","25","1000","false","","0.000001","LargerTopoGNN","2","3","","","","","","","","","","8","3","false","","true","true","42","","","","true","false","true","Tasks.GRAPH_CLASSIFICATION","true","421","false","","","351","6.8359375e-7","0.7678571343421936","0.5161047577857971","0.7232142686843872","0.5352091193199158","0.6000000238418579","0.6000000238418579","0.7407414317131042","0.7407414317131042","0.7321428656578064","","","0.5189385414123535","","","",""
"LargerTopoGNN_PROTEINS_full","q3epn5wa","finished","-","expectationmax","LargerTopoGNN, PROTEINS_full","2021-02-04T18:02:25.000Z","1366","2l3mdq5l","false","mean","true","20","true","PROTEINS_full","false","shallow","3","32","true","32","false","0","","true","false","32","3","","146","true","0.0007","25","1000","false","","0.000001","LargerTopoGNN","2","3","","","","","","","","","","8","3","false","","true","true","42","","","","true","false","true","Tasks.GRAPH_CLASSIFICATION","true","421","false","","","271","6.8359375e-7","0.7567567825317383","0.524416983127594","0.7027027010917664","0.5492040514945984","0.75","0.75","0.5171523094177246","0.5171523094177246","0.7857142686843872","","","0.5760831236839294","","","",""
"LargerTopoGNN_PROTEINS_full","eu8s7lui","finished","-","expectationmax","LargerTopoGNN, PROTEINS_full","2021-02-04T18:08:56.000Z","1768","2l3mdq5l","false","mean","true","20","true","PROTEINS_full","false","shallow","3","32","true","32","false","0","","true","false","32","9","","146","true","0.0007","25","1000","false","","0.000001","LargerTopoGNN","2","3","","","","","","","","","","8","3","false","","true","true","42","","","","true","false","true","Tasks.GRAPH_CLASSIFICATION","true","421","false","","","341","6.8359375e-7","0.7567567825317383","0.5455946326255798","0.7117117047309875","0.546484649181366","0.699999988079071","0.699999988079071","0.6539472937583923","0.6539472937583923","0.8482142686843872","","","0.4801018536090851","","","",""
"LargerTopoGNN_PROTEINS_full","qxwmgpz4","finished","-","expectationmax","LargerTopoGNN, PROTEINS_full","2021-02-04T19:19:36.000Z","1877","2l3mdq5l","false","mean","true","20","true","PROTEINS_full","false","shallow","5","32","true","32","false","0","","true","false","32","2","","146","true","0.0007","25","1000","false","","0.000001","LargerTopoGNN","2","3","","","","","","","","","","8","3","false","","true","true","42","","","","true","false","true","Tasks.GRAPH_CLASSIFICATION","true","421","false","","","318","6.8359375e-7","0.7410714030265808","0.5553567409515381","0.7678571343421936","0.5367040038108826","0.6499999761581421","0.6499999761581421","0.6946380138397217","0.6946380138397217","0.7410714030265808","","","0.5502904057502747","","","",""
"LargerTopoGNN_PROTEINS_full","e3nn49jp","finished","-","expectationmax","LargerTopoGNN, PROTEINS_full","2021-02-04T16:44:04.000Z","1030","2l3mdq5l","false","mean","true","20","true","PROTEINS_full","true","shallow","4","32","true","32","false","0","","true","false","32","4","","146","true","0.0007","25","1000","false","","0.000001","LargerTopoGNN","2","3","","","","","","","","","","8","3","false","","true","true","42","","","","true","false","true","Tasks.GRAPH_CLASSIFICATION","true","421","false","","","358","6.8359375e-7","0.7207207083702087","0.5865774750709534","0.7297297120094299","0.5915539264678955","0.800000011920929","0.800000011920929","0.4981653094291687","0.4981653094291687","0.7142857313156128","","","0.6080312132835388","","","",""
"LargerTopoGNN_PROTEINS_full","kuy7lg4o","finished","-","expectationmax","LargerTopoGNN, PROTEINS_full","2021-02-04T18:38:42.000Z","1617","2l3mdq5l","false","mean","true","20","true","PROTEINS_full","false","shallow","4","32","true","32","false","0","","true","false","32","4","","146","true","0.0007","25","1000","false","","0.000001","LargerTopoGNN","2","3","","","","","","","","","","8","3","false","","true","true","42","","","","true","false","true","Tasks.GRAPH_CLASSIFICATION","true","421","false","","","317","6.8359375e-7","0.7117117047309875","0.5851805210113525","0.6936936974525452","0.6198640465736389","0.8500000238418579","0.8500000238418579","0.4165736138820648","0.4165736138820648","0.7232142686843872","","","0.6095027327537537","","","",""
"LargerTopoGNN_PROTEINS_full","0b3z8h33","finished","-","expectationmax","LargerTopoGNN, PROTEINS_full","2021-02-04T18:33:01.000Z","1900","2l3mdq5l","false","mean","true","20","true","PROTEINS_full","false","shallow","4","32","true","32","false","0","","true","true","32","5","","146","true","0.0007","25","1000","false","","0.000001","LargerTopoGNN","2","3","","","","","","","","","","8","3","false","","true","true","42","","","","true","false","true","Tasks.GRAPH_CLASSIFICATION","true","421","false","","","376","6.8359375e-7","0.7207207083702087","0.5762771368026733","0.7567567825317383","0.5394364595413208","0.75","0.75","0.6207689046859741","0.6207689046859741","0.7053571343421936","","","0.5932323336601257","","","",""
"LargerTopoGNN_PROTEINS_full","pjo84d53","finished","-","expectationmax","LargerTopoGNN, PROTEINS_full","2021-02-04T15:38:27.000Z","805","2l3mdq5l","false","mean","true","20","true","PROTEINS_full","true","shallow","3","32","true","32","false","0","","true","true","32","0","","146","true","0.0007","25","1000","false","","0.000001","LargerTopoGNN","2","3","","","","","","","","","","8","3","false","","true","true","42","","","","true","false","true","Tasks.GRAPH_CLASSIFICATION","true","421","false","","","381","6.8359375e-7","0.7410714030265808","0.4918814599514008","0.7321428656578064","0.5128771662712097","0.8999999761581421","0.8999999761581421","0.4401586949825287","0.4401586949825287","0.7232142686843872","","","0.5480608344078064","","","",""
"LargerTopoGNN_PROTEINS_full","iwe82210","finished","-","expectationmax","LargerTopoGNN, PROTEINS_full","2021-02-04T18:01:49.000Z","1916","2l3mdq5l","false","mean","true","20","true","PROTEINS_full","false","shallow","3","32","true","32","false","0","","true","false","32","2","","146","true","0.0007","25","1000","false","","0.000001","LargerTopoGNN","2","3","","","","","","","","","","8","3","false","","true","true","42","","","","true","false","true","Tasks.GRAPH_CLASSIFICATION","true","421","false","","","384","6.8359375e-7","0.7767857313156128","0.5390138030052185","0.7589285969734192","0.5455964207649231","0.699999988079071","0.699999988079071","0.6224671602249146","0.6224671602249146","0.7678571343421936","","","0.5441790223121643","","","",""